"agent_id","agent_name","net_written_premium","top_n"
A017,Agent 017,132729.22999999998,1
A008,Agent 008,120738.77,2
A014,Agent 014,114483.8,3
A002,Agent 002,111515.19,4
A010,Agent 010,109835.56000000003,5
